lang,nx,nt,threads,dt,dx,total time,flops
cxx,1000,100,4,1,1,0.002614,0
cxx,1000,100,4,1,1,0.0039094,0
cxx,1000,100,4,1,1,0.003786,0
cxx,50000,100,4,1,1,0.02449,0
cxx,50000,100,4,1,1,0.023393,0
cxx,50000,100,4,1,1,0.0199203,0
